"ground_truth_output","num_queries","original_output","original_score","original_text","perturbed_output","perturbed_score","perturbed_text","result_type"
0.0,173.0,0.0,1.6689300537109375e-06,"<font color = red>Bill</font> Clinton <font color = red>said</font> that testifying at congressional hearings meant that ""Hillary <font color = red>suffered</font> more than those guys in Benghazi.""",1.0,0.9812964797019958,"<font color = green>banknote</font> Clinton <font color = green>articulate</font> that testifying at congressional hearings meant that ""Hillary <font color = green>ache</font> more than those guys in Benghazi.""","Successful"
0.0,132.0,0.0,1.9073486328125e-06,"Providence firefighters’ <font color = red>union</font> <font color = red>says</font> Elorza wants to teach public school children God does not <font color = red>exist</font>",1.0,0.9991223216056824,"Providence firefighters’ <font color = green>uniting</font> <font color = green>state</font> Elorza wants to teach public school children God does not <font color = green>survive</font>","Successful"
0.0,241.0,0.0,2.384185791015625e-07,"<font color = red>Actor</font> <font color = red>Jack</font> <font color = red>Black</font> <font color = red>passed</font> <font color = red>away</font> in June 2016.",1.0,0.9520512223243713,"<font color = green>worker</font> <font color = green>diddly-squat</font> <font color = green>Negroid</font> <font color = green>conk</font> <font color = green>forth</font> in June 2016.","Successful"
0.0,78.0,0.0,1.3589859008789062e-05,"Hollywood Action <font color = red>Star</font> Jackie Chan Dead",1.0,0.9941206574440002,"Hollywood Action <font color = green>prima</font> Jackie Chan Dead","Successful"
0.0,70.0,0.0,7.748603820800781e-06,"Donald <font color = red>Trump</font> cites <font color = red>dubious</font> legend about Gen. Pershing, pig's blood and Muslims",1.0,0.5219256281852722,"Donald <font color = green>best</font> cites <font color = green>dubitable</font> legend about Gen. Pershing, pig's blood and Muslims","Successful"
0.0,172.0,0.0,2.86102294921875e-06,"Getting a NYC municipal ID is not <font color = red>easier</font> than getting a Costco membership",1.0,0.9161409735679626,"Getting a NYC municipal ID is not <font color = green>easygoing</font> than getting a Costco membership","Successful"
0.0,79.0,0.0,3.5762786865234375e-07,"Kenya’s doctor-to-patient <font color = red>ratio</font> <font color = red>remains</font> 1 <font color = red>doctor</font> to every <font color = red>16</font>,000 patients.",0.0,5.0067901611328125e-06,"Kenya’s doctor-to-patient <font color = red>proportion</font> <font color = red>clay</font> 1 <font color = red>medico</font> to every <font color = red>XVI</font>,000 patients.","Failed"
0.0,103.0,0.0,4.172325134277344e-06,"<font color = red>In</font> <font color = red>August</font> 2017, Harvard University <font color = red>reversed</font> its <font color = red>suspension</font> of Malia Obama, after an intervention by Barack Obama.",1.0,0.99977046251297,"<font color = green>inch</font> <font color = green>lordly</font> 2017, Harvard University <font color = green>transposed</font> its <font color = green>intermission</font> of Malia Obama, after an intervention by Barack Obama.","Successful"
0.0,160.0,0.0,3.6954879760742188e-06,"Whoopi Goldberg Wore Shirt <font color = red>Showing</font> <font color = red>President</font> <font color = red>Trump</font> <font color = red>Shooting</font> Himself",1.0,0.9545204043388367,"Whoopi Goldberg Wore Shirt <font color = green>evince</font> <font color = green>chairman</font> <font color = green>outflank</font> <font color = green>tear</font> Himself","Successful"
0.0,112.0,0.0,1.9073486328125e-06,"<font color = red>Fake</font> story about President Trump greenlighting Congress to ramp up Clinton investigation",1.0,0.9999735355377197,"<font color = green>shammer</font> story about President Trump greenlighting Congress to ramp up Clinton investigation","Successful"
0.0,102.0,0.0,0.000102996826171875,"Wisconsin Gov. Scott Walker erased his <font color = red>pledge</font> to create jobs, <font color = red>state</font> Democratic chairman Mike Tate says",1.0,0.9500295519828796,"Wisconsin Gov. Scott Walker erased his <font color = green>wassail</font> to create jobs, <font color = green>tell</font> Democratic chairman Mike Tate says","Successful"
0.0,250.0,0.0,8.463859558105469e-06,"Candidate claiming that Nevada <font color = red>cut</font> taxes in 2015 doesn't <font color = red>pass</font> <font color = red>muster</font>",1.0,0.9423599243164062,"Candidate claiming that Nevada <font color = green>reduce</font> taxes in 2015 doesn't <font color = green>strait</font> <font color = green>summon</font>","Successful"
0.0,299.0,0.0,1.1920928955078125e-06,"<font color = red>Will</font> <font color = red>one</font> in three women in SA be <font color = red>raped</font>? Blow the Whistle <font color = red>wrong</font> again | Africa <font color = red>Check</font>",1.0,0.9929763674736023,"<font color = green>testament</font> <font color = green>unrivaled</font> in three women in SA be <font color = green>dishonour</font>? Blow the Whistle <font color = green>untimely</font> again | Africa <font color = green>agree</font>","Successful"
0.0,82.0,0.0,0.0006154775619506836,"1500 Year Old Bible Confirms That <font color = red>Jesus</font> Christ Was Not Crucified",1.0,0.904520571231842,"1500 Year Old Bible Confirms That <font color = green>Deliverer</font> Christ Was Not Crucified","Successful"
0.0,174.0,0.0,5.960464477539062e-07,"""<font color = red>Harry</font> <font color = red>Potter</font>"" creator J.<font color = red>K</font>. Rowling <font color = red>revealed</font> that lead film <font color = red>actor</font> Daniel Radcliffe is <font color = red>Chinese</font>.",1.0,0.8664416074752808,"""<font color = green>chevvy</font> <font color = green>putter</font>"" creator J.<font color = green>kibibyte</font>. Rowling <font color = green>unwrap</font> that lead film <font color = green>histrion</font> Daniel Radcliffe is <font color = green>Formosan</font>.","Successful"
0.0,85.0,0.0,9.5367431640625e-07,"The NFL <font color = red>admitted</font> to <font color = red>rigging</font> games in a style similar to professional <font color = red>wrestling</font>.",1.0,0.9862439036369324,"The NFL <font color = green>acknowledge</font> to <font color = green>set</font> games in a style similar to professional <font color = green>wriggle</font>.","Successful"
0.0,157.0,0.0,1.3113021850585938e-06,"Clinton's <font color = red>views</font> do not <font color = red>go</font> against the Constitution",1.0,0.92086261510849,"Clinton's <font color = green>reckon</font> do not <font color = green>expire</font> against the Constitution","Successful"
0.0,187.0,0.0,2.9802322387695312e-06,"Joel Osteen sailed through flooded Houston distributing copies of his <font color = red>book</font> ""Your <font color = red>Best</font> Life Now.""",1.0,0.9871577620506287,"Joel Osteen sailed through flooded Houston distributing copies of his <font color = green>Scripture</font> ""Your <font color = green>unspoiled</font> Life Now.""","Successful"
0.0,157.0,0.0,0.013108432292938232,"Jason Kenney: The Liberals would be ""the <font color = red>first</font> government of a major <font color = red>democracy</font> to <font color = red>change</font> the electoral system without a direct popular mandate expressed in a referendum."" - FactsCanada",1.0,0.92796790599823,"Jason Kenney: The Liberals would be ""the <font color = green>get-go</font> government of a major <font color = green>commonwealth</font> to <font color = green>vary</font> the electoral system without a direct popular mandate expressed in a referendum."" - FactsCanada","Successful"
0.0,87.0,0.0,1.3828277587890625e-05,"<SPLIT>Unvaccinated children <font color = red>pose</font> no <font color = red>threat</font> to anyone ",1.0,0.8295735716819763,"<SPLIT>Unvaccinated children <font color = green>puzzle</font> no <font color = green>scourge</font> to anyone ","Successful"
0.0,1.0,1.0,0.9732894897460938,"Neil Armstrong  wished “Mr. Gorsky” luck from the moon",1.0,0.9732894897460938,"Neil Armstrong  wished “Mr. Gorsky” luck from the moon","Skipped"
0.0,40.0,0.0,1.1920928955078125e-06,"Giuliani: Obama 'propaganda' <font color = red>says</font> 'everybody should <font color = red>hate</font> the police'",0.0,6.4373016357421875e-06,"Giuliani: Obama 'propaganda' <font color = red>enounce</font> 'everybody should <font color = red>detest</font> the police'","Failed"
0.0,147.0,0.0,3.0994415283203125e-06,"<font color = red>Severe</font> burns on a man’s hands from a hand sanitizer <font color = red>fire</font>?",1.0,0.6973260641098022,"<font color = green>grievous</font> burns on a man’s hands from a hand sanitizer <font color = green>arouse</font>?","Successful"
0.0,44.0,0.0,7.271766662597656e-06,"Lisa, the rejected young woman who <font color = red>killed</font> herself",1.0,0.9258846044540405,"Lisa, the rejected young woman who <font color = green>down</font> herself","Successful"
0.0,80.0,0.0,0.00031948089599609375,"The Department of Defense has planned communications drills to <font color = red>coincide</font> with ""antifa <font color = red>protests</font>"" on <font color = red>4</font> November 2017.",1.0,0.5694167017936707,"The Department of Defense has planned communications drills to <font color = green>co-occur</font> with ""antifa <font color = green>dissent</font>"" on <font color = green>quartet</font> November 2017.","Successful"
0.0,101.0,0.0,1.0728836059570312e-06,"Celebrity donations of tens of millions of dollars to Harvey victims are <font color = red>fake</font> news",1.0,0.9733582735061646,"Celebrity donations of tens of millions of dollars to Harvey victims are <font color = green>forge</font> news","Successful"
0.0,74.0,0.0,5.9604644775390625e-06,"<font color = red>Trump</font> <font color = red>wrongly</font> <font color = red>says</font> Clinton <font color = red>filibustered</font> Fannie Mae and Freddie Mac legislation",0.0,2.586841583251953e-05,"<font color = red>ruff</font> <font color = red>incorrectly</font> <font color = red>aver</font> Clinton <font color = red>filibuster</font> Fannie Mae and Freddie Mac legislation","Failed"
0.0,89.0,0.0,2.86102294921875e-06,"Neiman Marcus’s <font color = red>Secret</font> <font color = red>Cookie</font> <font color = red>Recipe</font> <font color = red>Costs</font> a Bundle",1.0,0.9758108854293823,"Neiman Marcus’s <font color = green>hole-and-corner</font> <font color = green>cooky</font> <font color = green>formula</font> <font color = green>toll</font> a Bundle","Successful"
0.0,162.0,0.0,9.5367431640625e-07,"Leaked conversations <font color = red>revealed</font> that <font color = red>President</font> <font color = red>Trump</font> <font color = red>planned</font> on signing an <font color = red>executive</font> <font color = red>order</font> to abolish impeachment.",0.0,3.0994415283203125e-06,"Leaked conversations <font color = red>break</font> that <font color = red>prexy</font> <font color = red>trump</font> <font color = red>plotted</font> on signing an <font color = red>administrator</font> <font color = red>rank</font> to abolish impeachment.","Failed"
0.0,68.0,0.0,0.004504561424255371,"RNC chairman Michael Steele says VA has a manual that encourages vets to commit <font color = red>suicide</font> ",1.0,0.9995816349983215,"RNC chairman Michael Steele says VA has a manual that encourages vets to commit <font color = green>felo-de-se</font> ","Successful"
0.0,70.0,0.0,1.5497207641601562e-06,"<font color = red>Tweeted</font> <font color = red>photo</font> inaccurately <font color = red>indicates</font> boy 'caged' by federal <font color = red>government</font> ",0.0,1.2278556823730469e-05,"<font color = red>nip</font> <font color = red>exposure</font> inaccurately <font color = red>betoken</font> boy 'caged' by federal <font color = red>administration</font> ","Failed"
0.0,62.0,0.0,2.86102294921875e-06,"Florida <font color = red>mother</font> who <font color = red>saved</font> her <font color = red>son</font> from an alligator",1.0,0.9903661012649536,"Florida <font color = green>get</font> who <font color = green>write</font> her <font color = green>Son</font> from an alligator","Successful"
0.0,258.0,0.0,0.0025800466537475586,"A groundbreaking study showing that algae can draw an alternative source of energy from other plants suggests that humans might be able to draw <font color = red>energy</font> from each other in a similar <font color = red>way</font>.",1.0,0.9873994588851929,"A groundbreaking study showing that algae can draw an alternative source of energy from other plants suggests that humans might be able to draw <font color = green>vigour</font> from each other in a similar <font color = green>path</font>.","Successful"
0.0,110.0,0.0,1.4185905456542969e-05,"<font color = red>President</font> <font color = red>Trump</font> announced a ""<font color = red>stimulus</font> bonus of $612"" for every ""deserving"" American adult and <font color = red>child</font>.",0.0,0.004358053207397461,"<font color = red>chair</font> <font color = red>cornet</font> announced a ""<font color = red>stimulant</font> bonus of $612"" for every ""deserving"" American adult and <font color = red>minor</font>.","Failed"
0.0,138.0,0.0,1.430511474609375e-06,"Rubio's <font color = red>infamous</font> <font color = red>boots</font> were <font color = red>made</font> in India, not Wisconsin",0.0,0.491443395614624,"Rubio's <font color = red>notorious</font> <font color = red>rush</font> were <font color = red>clear</font> in India, not Wisconsin","Failed"
0.0,86.0,0.0,5.960464477539062e-07,"The <font color = red>Iraq</font> <font color = red>Study</font> <font color = red>Group</font> didn't <font color = red>say</font> that",0.0,7.867813110351562e-06,"The <font color = red>Irak</font> <font color = red>learn</font> <font color = red>grouping</font> didn't <font color = red>articulate</font> that","Failed"
0.0,72.0,0.0,5.888938903808594e-05,"Golden Corral restaurants <font color = red>leave</font> God out of “God Bless<SPLIT>America”",1.0,0.9999816417694092,"Golden Corral restaurants <font color = green>provide</font> God out of “God Bless<SPLIT>America”","Successful"
0.0,70.0,0.0,0.017986834049224854,"Obama Asks Americans to <font color = red>Cancel</font> 9/11 Tributes that would Offend Muslims",1.0,0.9996240139007568,"Obama Asks Americans to <font color = green>offset</font> 9/11 Tributes that would Offend Muslims","Successful"
0.0,102.0,0.0,0.0038346052169799805,"Barack Obama <font color = red>says</font> that what he'd said was you could keep your plan 'if it hasn’t changed since the law passed'",1.0,0.9139114618301392,"Barack Obama <font color = green>articulate</font> that what he'd said was you could keep your plan 'if it hasn’t changed since the law passed'","Successful"
0.0,124.0,0.0,7.152557373046875e-07,"A <font color = red>teenager</font> was <font color = red>killed</font> after his Xbox <font color = red>One</font> malfunctioned and forcefully ejected a disc that <font color = red>slashed</font> his <font color = red>throat</font>.",1.0,0.9940937161445618,"A <font color = green>teen</font> was <font color = green>defeat</font> after his Xbox <font color = green>unrivalled</font> malfunctioned and forcefully ejected a disc that <font color = green>welt</font> his <font color = green>pharynx</font>.","Successful"
